id,sha,author_date,status,score,updated_at
Blue-02,786444f...c23,2020-02-06T06:57:39Z,new,,2020-02-06 06:58:03.032 UTC
Blue-08,a79e3e6...892,2020-02-04T16:31:37Z,new,,2020-02-05 04:40:02.199 UTC
Blue-08,f5ea88e...e41,2020-02-04T19:30:50Z,new,,2020-02-05 04:40:02.199 UTC
Blue-08,f303bcf...544,2020-02-05T04:33:04Z,new,,2020-02-05 04:40:02.199 UTC
Blue-08,50a81f4...dfb,2020-02-05T04:37:59Z,new,,2020-02-05 04:40:02.199 UTC
Blue-08,00d1902...ec2,2020-02-05T04:39:22Z,new,,2020-02-05 04:40:02.199 UTC
Yellow-08,9804309...4b0,2020-02-05T06:09:42Z,new,,2020-02-05 06:10:02.215 UTC
Yellow-08,d0dd3c4...da6,2020-02-05T18:19:46Z,new,,2020-02-05 18:20:02.304 UTC
Yellow-10,eb78d29...abc,2020-02-13T07:34:58Z,new,,2020-02-13 07:36:04.318 UTC
Yellow-10,a5e44f1...aaa,2020-02-13T07:44:11Z,new,,2020-02-13 07:44:28.618 UTC
Yellow-10,090d8bf...603,2020-02-13T07:46:57Z,new,,2020-02-13 07:48:03.606 UTC
Yellow-02,3a7435c...265,2020-02-12T03:32:35Z,new,,2020-02-12 06:31:56.438 UTC
Yellow-02,6e59376...0e9,2020-02-12T04:14:08Z,new,,2020-02-12 06:31:56.438 UTC
Yellow-02,bfd70b6...adb,2020-02-12T23:04:56Z,new,,2020-02-12 23:06:02.402 UTC
Yellow-02,88fcef1...1c1,2020-02-13T00:53:39Z,new,,2020-02-13 00:54:02.643 UTC
Yellow-02,e56a2a3...a12,2020-02-13T01:06:52Z,new,,2020-02-13 01:08:03.724 UTC
Yellow-02,d9fac7d...a7f,2020-02-13T01:28:29Z,new,,2020-02-13 01:30:03.857 UTC
Yellow-02,fe5a915...c44,2020-02-13T01:51:37Z,new,,2020-02-13 01:52:02.040 UTC
Yellow-02,e555b68...db4,2020-02-13T01:56:34Z,new,,2020-02-13 01:58:02.317 UTC
Blue-12,aebb814...310,2020-02-05T07:34:23Z,new,,2020-02-07 19:42:02.116 UTC
Blue-12,303d2bf...5ac,2020-02-07T19:40:15Z,new,,2020-02-07 19:42:02.116 UTC
Blue-12,fb42d0e...b9b,2020-02-07T20:07:20Z,new,,2020-02-07 20:08:02.688 UTC
Blue-12,6798e87...a49,2020-02-07T20:32:24Z,new,,2020-02-07 20:34:01.678 UTC
Blue-10,6e359fc...9f4,2020-02-12T10:52:38Z,new,,2020-02-12 10:54:01.889 UTC
Blue-10,98733c7...74f,2020-02-12T11:05:24Z,new,,2020-02-12 11:08:02.371 UTC
Blue-16,35be2b2...21f,2020-02-13T00:54:13Z,new,,2020-02-13 00:56:02.446 UTC
Red-05,1c76a40...092,2020-02-12T17:55:19Z,new,,2020-02-12 17:56:01.924 UTC
Red-05,7d9dd11...655,2020-02-12T20:58:14Z,new,,2020-02-12 21:00:02.312 UTC
Red-05,9818c87...141,2020-02-13T00:11:37Z,new,,2020-02-13 00:12:02.393 UTC
Red-05,281245e...45f,2020-02-13T00:21:44Z,new,,2020-02-13 00:22:01.860 UTC
Red-12,231f1ab...b02,2020-02-06T01:13:00Z,new,,2020-02-06 01:14:03.486 UTC
Red-12,73e0236...372,2020-02-06T01:31:37Z,new,,2020-02-06 01:32:03.091 UTC
Blue-06,9d72509...619,2020-02-12T10:42:30Z,new,,2020-02-12 10:44:01.561 UTC
Blue-06,0058c36...bec,2020-02-13T04:09:56Z,new,,2020-02-13 04:12:02.548 UTC
Blue-06,109aea8...2d4,2020-02-13T04:33:34Z,new,,2020-02-13 04:34:01.406 UTC
Blue-06,6454288...6fe,2020-02-13T05:11:08Z,new,,2020-02-13 05:12:02.444 UTC
Yellow-07,fa6499e...9a0,2020-02-11T21:52:09Z,new,,2020-02-12 09:04:01.384 UTC
Yellow-07,352ca5b...16d,2020-02-11T22:23:50Z,new,,2020-02-12 09:04:01.384 UTC
Yellow-07,19ff7c8...94f,2020-02-12T09:03:26Z,new,,2020-02-12 09:04:01.384 UTC
Yellow-07,32613fb...5e3,2020-02-13T02:23:16Z,new,,2020-02-13 02:24:01.879 UTC
Yellow-07,2d56346...080,2020-02-13T05:26:14Z,new,,2020-02-13 05:28:02.298 UTC
Yellow-07,1b91e8e...dac,2020-02-13T06:02:49Z,new,,2020-02-13 06:04:01.491 UTC
Red-14,e76755e...d6c,2020-02-13T06:45:08Z,new,,2020-02-13 06:48:05.872 UTC
Red-14,4090f09...1ef,2020-02-13T06:45:53Z,new,,2020-02-13 06:48:05.872 UTC
Red-14,066d36a...fd6,2020-02-13T07:34:22Z,new,,2020-02-13 07:36:04.318 UTC
Red-14,df01f3e...869,2020-02-13T07:46:46Z,new,,2020-02-13 07:48:03.606 UTC
Red-14,39baa25...c08,2020-02-13T07:50:29Z,new,,2020-02-13 07:54:02.124 UTC
Red-14,53becc2...df8,2020-02-14T01:43:25Z,new,,2020-02-17 05:08:58.934 UTC
Red-14,e82c7cb...743,2020-02-14T01:23:42Z,new,,2020-02-17 05:08:58.934 UTC
Blue-00,d5bf75f...bba,2020-02-06T19:13:00Z,new,,2020-02-06 19:14:01.644 UTC
Blue-00,6d8108f...293,2020-02-07T20:49:13Z,new,,2020-02-07 20:50:02.070 UTC
Yellow-12,7401432...fb4,2020-02-13T03:55:06Z,new,,2020-02-13 03:56:01.894 UTC
Red-10,c3e11cd...e93,2020-02-11T22:45:18Z,new,,2020-02-11 22:46:02.194 UTC
Yellow-03,0b7fb4d...ad3,2020-02-12T07:41:50Z,new,,2020-02-12 07:42:02.799 UTC
Yellow-03,c1e6515...eec,2020-02-12T08:03:28Z,new,,2020-02-12 08:05:03.009 UTC
Red-04,7f764e3...27d,2020-02-09T04:33:06Z,new,,2020-02-13 01:06:02.448 UTC
Red-04,67c2fd1...3b4,2020-02-09T04:34:03Z,new,,2020-02-13 01:06:02.448 UTC
Red-04,e6edf51...46e,2020-02-12T06:14:39Z,new,,2020-02-13 01:06:02.448 UTC
Red-04,4c20ab3...56b,2020-02-12T06:43:23Z,new,,2020-02-13 01:06:02.448 UTC
Red-04,a0ae873...bc5,2020-02-13T01:03:22Z,new,,2020-02-13 01:06:02.448 UTC
Blue-14,b96fca1...196,2020-02-11T07:29:44Z,new,,2020-02-12 06:12:04.187 UTC
Blue-14,6fd0dfa...7e4,2020-02-12T04:35:01Z,new,,2020-02-12 06:31:56.438 UTC
Blue-14,c6fe01b...046,2020-02-12T04:39:42Z,new,,2020-02-12 06:31:56.438 UTC
Blue-14,8618e5f...645,2020-02-12T06:59:42Z,new,,2020-02-12 07:00:04.352 UTC
Red-13,ff9b407...789,2020-02-10T23:20:15Z,new,,2020-02-10 23:22:02.138 UTC
Red-13,6ca4534...e46,2020-02-12T20:52:51Z,new,,2020-02-12 20:54:02.019 UTC
Red-13,bfe3c2c...4a8,2020-02-12T22:19:58Z,new,,2020-02-12 22:20:02.123 UTC
Red-13,ab2abf8...821,2020-02-12T22:25:30Z,new,,2020-02-12 22:26:01.929 UTC
Red-13,9614657...72c,2020-02-12T22:37:14Z,new,,2020-02-12 22:38:02.519 UTC
Red-13,1156e92...328,2020-02-12T22:55:22Z,new,,2020-02-12 22:56:01.873 UTC
Blue-17,f7ed742...551,2020-02-11T22:06:55Z,new,,2020-02-11 22:08:02.768 UTC
Blue-17,22d39f5...483,2020-02-12T22:47:11Z,new,,2020-02-13 02:48:03.015 UTC
Blue-17,99cc274...1c3,2020-02-13T02:47:07Z,new,,2020-02-13 02:48:03.015 UTC
Blue-17,f57b7a5...398,2020-02-13T02:52:40Z,new,,2020-02-13 03:36:02.440 UTC
Blue-17,81b2adf...5e0,2020-02-13T03:09:49Z,new,,2020-02-13 03:36:02.440 UTC
Blue-17,a04902a...21f,2020-02-13T03:35:23Z,new,,2020-02-13 03:36:02.440 UTC
Blue-01,671d383...386,2020-02-12T19:30:16Z,new,,2020-02-12 19:32:01.906 UTC
Blue-01,27e9cd5...006,2020-02-12T20:16:56Z,new,,2020-02-12 20:18:02.867 UTC
Blue-01,71e2ff1...1b1,2020-02-12T20:40:20Z,new,,2020-02-12 20:42:02.427 UTC
Blue-01,6ece34a...d88,2020-02-12T21:03:16Z,new,,2020-02-12 21:04:01.467 UTC
Red-09,05f2135...396,2020-02-12T07:36:52Z,new,,2020-02-12 07:38:02.471 UTC
Red-09,5e5bf85...447,2020-02-12T07:56:33Z,new,,2020-02-12 07:58:02.334 UTC
Red-09,d870c41...410,2020-02-12T08:00:14Z,new,,2020-02-12 08:05:03.009 UTC
Red-09,21bb4c6...c43,2020-02-12T08:05:42Z,new,,2020-02-12 08:06:02.433 UTC
Red-09,74919a6...a10,2020-02-12T08:20:40Z,new,,2020-02-12 08:22:01.811 UTC
Blue-15,4097e45...74c,2020-02-12T07:42:25Z,new,,2020-02-12 19:48:03.667 UTC
Yellow-00,04311e5...5cf,2020-02-04T15:37:57Z,new,,2020-02-04 15:38:48.251 UTC
Blue-03,6db5358...d0f,2020-02-04T15:50:59Z,new,,2020-02-04 15:58:02.696 UTC
Blue-08,6cbb354...77d,2020-02-04T16:25:23Z,new,,2020-02-04 16:28:02.502 UTC
Yellow-13,307c5e8...6d6,2020-02-04T18:59:06Z,new,,2020-02-04 19:08:02.575 UTC
Blue-04,564f656...29d,2020-02-04T19:05:53Z,new,,2020-02-04 19:08:02.575 UTC
Yellow-11,7f18a6b...bb1,2020-02-04T19:37:58Z,new,,2020-02-04 19:48:02.792 UTC
Blue-11,3739a66...b19,2020-02-04T19:40:15Z,new,,2020-02-04 19:48:02.792 UTC
Blue-12,7983381...c28,2020-02-04T20:21:13Z,new,,2020-02-04 20:28:02.687 UTC
Red-07,7b87de8...19c,2020-02-04T21:16:40Z,new,,2020-02-04 21:18:02.561 UTC
Red-11,c5210e2...d3a,2020-02-05T00:05:46Z,new,,2020-02-05 00:08:05.238 UTC
Red-02,820652f...93f,2020-02-05T00:38:24Z,new,,2020-02-05 00:48:02.889 UTC
Yellow-08,e81d99b...3de,2020-02-05T01:27:18Z,new,,2020-02-05 01:38:02.640 UTC
Yellow-06,282fa79...8b7,2020-02-05T03:36:02Z,new,,2020-02-05 03:38:02.724 UTC
Red-01,68add23...94f,2020-02-05T05:41:14Z,new,,2020-02-05 05:48:02.773 UTC
Blue-17,1d733d9...1e3,2020-02-05T05:58:21Z,new,,2020-02-05 06:08:02.754 UTC
Blue-10,fc6d8e0...4e5,2020-02-05T06:17:32Z,new,,2020-02-05 06:28:02.851 UTC
Red-12,2b5d583...686,2020-02-05T17:37:28Z,new,,2020-02-05 17:48:02.736 UTC
Blue-05,3d34bdf...eba,2020-02-05T19:46:51Z,new,,2020-02-05 19:48:02.498 UTC
Blue-00,3a1ef2d...03b,2020-02-05T19:50:44Z,new,,2020-02-05 19:58:02.561 UTC
Yellow-04,bd4e032...a06,2020-02-05T19:54:02Z,new,,2020-02-05 19:58:02.561 UTC
Red-05,bbc21b1...ef6,2020-02-05T22:17:19Z,new,,2020-02-05 22:28:05.100 UTC
Red-06,471b6a6...5e5,2020-02-05T22:39:07Z,new,,2020-02-05 22:48:02.800 UTC
Blue-02,0bfa1e8...360,2020-02-05T22:40:34Z,new,,2020-02-05 22:48:02.800 UTC
Blue-01,a9ad589...a1a,2020-02-05T23:39:20Z,new,,2020-02-05 23:48:02.647 UTC
Blue-13,4db3234...8c1,2020-02-06T00:22:24Z,new,,2020-02-06 00:28:02.687 UTC
Red-10,8a997b8...167,2020-02-06T03:59:09Z,new,,2020-02-06 04:08:02.762 UTC
Blue-07,4fff81e...7df,2020-02-06T04:56:38Z,new,,2020-02-06 04:58:02.584 UTC
Blue-09,a184fa6...469,2020-02-06T06:23:51Z,new,,2020-02-06 06:28:02.658 UTC
Yellow-09,a0cda37...75b,2020-02-06T18:39:46Z,new,,2020-02-06 18:48:02.620 UTC
Yellow-01,771ccb2...95f,2020-02-06T19:19:25Z,new,,2020-02-06 19:28:02.587 UTC
Red-13,7d8e73e...8b6,2020-02-07T00:43:48Z,new,,2020-02-07 00:48:02.765 UTC
Blue-06,364308b...c59,2020-02-07T02:11:17Z,new,,2020-02-07 02:18:02.739 UTC
Red-04,38228d0...717,2020-02-07T05:03:39Z,new,,2020-02-07 05:08:02.631 UTC
Yellow-07,cc48205...c24,2020-02-07T09:07:33Z,new,,2020-02-07 09:18:02.671 UTC
Yellow-12,f086111...a56,2020-02-07T22:35:26Z,new,,2020-02-07 22:38:02.655 UTC
Red-08,cf1740f...65d,2020-02-08T08:50:05Z,new,,2020-02-08 08:58:02.669 UTC
Yellow-05,af005c6...d48,2020-02-08T22:05:37Z,new,,2020-02-08 22:08:02.555 UTC
Red-09,b3c80e4...2c7,2020-02-10T09:57:49Z,new,,2020-02-10 10:08:02.543 UTC
Red-03,0e40ff7...17c,2020-02-10T10:26:23Z,new,,2020-02-10 10:28:02.688 UTC
Blue-16,014570a...ba3,2020-02-10T22:39:25Z,new,,2020-02-10 22:48:03.446 UTC
Yellow-10,970c39d...574,2020-02-10T23:31:11Z,new,,2020-02-10 23:38:02.757 UTC
Blue-14,6d81347...5a5,2020-02-11T02:23:04Z,new,,2020-02-11 02:28:02.687 UTC
Red-14,15550ec...37f,2020-02-11T07:03:37Z,new,,2020-02-11 07:08:02.741 UTC
Blue-15,28cbf2c...3b8,2020-02-11T07:31:50Z,new,,2020-02-11 07:38:02.696 UTC
Yellow-03,64d5a09...ec5,2020-02-12T01:08:31Z,new,,2020-02-12 06:31:56.438 UTC
Yellow-02,a008233...5d7,2020-02-12T02:51:48Z,new,,2020-02-12 06:31:56.438 UTC
Blue-11,c4f8baa...897,2020-02-08T18:36:32Z,new,,2020-02-08 18:38:02.624 UTC
Blue-11,606d566...47d,2020-02-08T19:31:37Z,new,,2020-02-08 19:32:02.082 UTC
Yellow-04,22e4c47...5c6,2020-02-09T11:22:44Z,new,,2020-02-09 11:24:02.182 UTC
Yellow-04,fb29201...051,2020-02-09T11:30:49Z,new,,2020-02-09 11:32:01.963 UTC
Yellow-04,68d07ef...16a,2020-02-09T12:04:29Z,new,,2020-02-09 12:06:02.619 UTC
Blue-03,01db9c8...a4a,2020-02-09T08:56:08Z,new,,2020-02-09 08:58:02.640 UTC
Yellow-01,36f3de5...fae,2020-02-12T21:17:59Z,new,,2020-02-13 07:32:01.834 UTC
Yellow-01,02e2668...481,2020-02-13T07:29:30Z,new,,2020-02-13 07:32:01.834 UTC
Yellow-01,21beaa8...dca,2020-02-13T07:30:03Z,new,,2020-02-13 07:32:01.834 UTC
Yellow-01,d9dbf78...e23,2020-02-13T07:30:45Z,new,,2020-02-13 07:32:01.834 UTC
Blue-04,f7abede...f00,2020-02-04T20:59:36Z,new,,2020-02-04 21:00:02.210 UTC
Blue-04,a38ad56...1b5,2020-02-04T22:18:11Z,new,,2020-02-04 22:20:02.119 UTC
Blue-04,30c1ae5...204,2020-02-05T00:46:37Z,new,,2020-02-05 00:48:02.889 UTC
Yellow-13,684f383...193,2020-02-09T21:06:38Z,new,,2020-02-12 06:58:02.587 UTC
Yellow-13,d5cd507...479,2020-02-11T07:31:39Z,new,,2020-02-12 06:58:02.587 UTC
Yellow-13,6a6c321...a62,2020-02-12T01:05:03Z,new,,2020-02-12 06:58:02.587 UTC
Yellow-13,47bb7c5...f56,2020-02-12T04:56:32Z,new,,2020-02-12 06:58:02.587 UTC
Yellow-13,6dcc331...552,2020-02-12T05:04:43Z,new,,2020-02-12 06:58:02.587 UTC
Yellow-13,e9cd7dd...d15,2020-02-12T05:12:18Z,new,,2020-02-12 06:58:02.587 UTC
Yellow-13,7cb0907...5a0,2020-02-12T05:45:21Z,new,,2020-02-12 06:58:02.587 UTC
Yellow-13,b33257f...894,2020-02-12T21:40:44Z,new,,2020-02-13 00:32:01.874 UTC
Yellow-13,c66fb7b...825,2020-02-12T21:42:09Z,new,,2020-02-13 00:32:01.874 UTC
Yellow-13,8a5a6bb...545,2020-02-12T21:53:56Z,new,,2020-02-13 00:32:01.874 UTC
Yellow-13,3200249...c6d,2020-02-13T00:21:43Z,new,,2020-02-13 00:32:01.874 UTC
Yellow-13,26ae12f...3eb,2020-02-13T00:29:12Z,new,,2020-02-13 00:32:01.874 UTC
Yellow-13,eb08893...619,2020-02-13T00:45:11Z,new,,2020-02-13 00:46:01.944 UTC
Red-08,8709d34...2f6,2020-02-08T11:54:11Z,new,,2020-02-08 11:56:02.003 UTC
Red-08,c13062c...af0,2020-02-09T03:24:08Z,new,,2020-02-09 03:26:02.140 UTC
Red-03,8f4b58f...b7c,2020-02-12T05:14:23Z,new,,2020-02-12 06:31:56.438 UTC
Red-03,77f6747...505,2020-02-12T07:12:36Z,new,,2020-02-12 07:14:02.965 UTC
Red-03,ae61051...6f9,2020-02-12T07:49:49Z,new,,2020-02-12 07:50:01.931 UTC
Red-03,895338a...d11,2020-02-12T19:20:00Z,new,,2020-02-12 19:20:02.052 UTC
Red-07,a7248cb...71d,2020-02-09T06:34:56Z,new,,2020-02-09 06:36:03.184 UTC
Red-07,630bb26...92e,2020-02-09T09:05:25Z,new,,2020-02-09 09:06:03.005 UTC
Red-11,751a14a...777,2020-02-12T01:03:04Z,new,,2020-02-12 06:31:56.438 UTC
Red-11,5656ac8...b1c,2020-02-12T23:22:54Z,new,,2020-02-12 23:24:01.964 UTC
Red-02,f394a37...2a0,2020-02-09T08:01:35Z,new,,2020-02-09 08:02:02.235 UTC
Red-02,4b26dd5...2ad,2020-02-10T02:19:07Z,new,,2020-02-10 02:20:02.351 UTC
Red-02,1dd12b8...a17,2020-02-10T02:45:33Z,new,,2020-02-10 02:46:02.144 UTC
Red-02,148b0c5...bb4,2020-02-10T03:13:23Z,new,,2020-02-10 03:14:01.669 UTC
Red-02,2183eb2...ab2,2020-02-10T03:20:47Z,new,,2020-02-10 03:22:02.139 UTC
Yellow-06,268a892...ff6,2020-02-05T04:15:39Z,new,,2020-02-07 00:04:01.606 UTC
Yellow-06,59d0500...74f,2020-02-05T04:40:30Z,new,,2020-02-07 00:04:01.606 UTC
Yellow-06,b55e2b2...6ce,2020-02-05T04:58:22Z,new,,2020-02-07 00:04:01.606 UTC
Yellow-06,8789f2d...685,2020-02-05T06:25:05Z,new,,2020-02-07 00:04:01.606 UTC
Yellow-06,9eba324...6ed,2020-02-05T06:29:13Z,new,,2020-02-07 00:04:01.606 UTC
Yellow-06,741c64e...909,2020-02-06T05:28:29Z,new,,2020-02-07 00:04:01.606 UTC
Yellow-06,dd1132c...772,2020-02-06T23:22:29Z,new,,2020-02-07 00:04:01.606 UTC
Yellow-06,8912bbd...1ce,2020-02-06T23:54:54Z,new,,2020-02-07 00:04:01.606 UTC
Yellow-11,69136e4...cb4,2020-02-06T23:33:43Z,new,,2020-02-07 07:34:01.569 UTC
Yellow-11,9f20e79...4b4,2020-02-07T07:32:11Z,new,,2020-02-07 07:34:01.569 UTC
Red-06,a653009...fe1,2020-02-07T04:49:23Z,new,,2020-02-07 04:50:03.653 UTC
Red-06,79a80b8...cc4,2020-02-07T05:02:26Z,new,,2020-02-07 05:04:01.551 UTC
Red-06,b4297a0...e54,2020-02-07T07:53:51Z,new,,2020-02-07 07:54:01.642 UTC
Red-06,cc5bdcd...730,2020-02-08T19:07:18Z,new,,2020-02-08 19:08:02.669 UTC
Red-01,27e6329...dbf,2020-02-05T23:39:41Z,new,,2020-02-05 23:40:02.284 UTC
Red-01,4ea86a7...7ff,2020-02-05T23:59:12Z,new,,2020-02-06 00:00:02.258 UTC
Blue-09,3f6501a...f1e,2020-02-06T23:47:26Z,new,,2020-02-06 23:48:02.784 UTC
Blue-09,af157ce...4f3,2020-02-07T01:03:42Z,new,,2020-02-07 01:04:01.666 UTC
Blue-09,de4f369...d99,2020-02-07T01:34:52Z,new,,2020-02-07 01:36:02.270 UTC
Blue-09,b962ed3...a36,2020-02-07T01:51:50Z,new,,2020-02-07 01:52:02.122 UTC
Blue-09,6ed7ed3...429,2020-02-10T01:19:40Z,new,,2020-02-10 01:20:02.696 UTC
Blue-09,6d9e38e...821,2020-02-12T19:03:38Z,new,,2020-02-12 19:04:01.510 UTC
Blue-09,959f85c...38f,2020-02-12T22:01:15Z,new,,2020-02-12 22:04:01.572 UTC
Blue-09,fc5aeb4...47f,2020-02-12T23:07:58Z,new,,2020-02-12 23:10:01.813 UTC
Blue-05,63034e2...698,2020-02-07T01:59:58Z,new,,2020-02-07 02:02:02.099 UTC
Blue-05,0cbb438...8dd,2020-02-07T07:28:14Z,new,,2020-02-07 07:30:02.217 UTC
Blue-05,8217aa3...020,2020-02-07T07:56:58Z,new,,2020-02-07 07:58:02.721 UTC
Yellow-05,35c2d6b...01a,2020-02-08T22:36:18Z,new,,2020-02-08 22:24:02.003 UTC
Yellow-05,2f596e5...005,2020-02-11T02:46:00Z,new,,2020-02-11 02:34:01.674 UTC
Yellow-05,0c4ad32...fa3,2020-02-11T06:01:49Z,new,,2020-02-11 05:50:02.387 UTC
Yellow-05,60174c9...6e1,2020-02-12T18:27:26Z,new,,2020-02-12 18:16:02.042 UTC
Yellow-05,99301e5...2e1,2020-02-12T19:08:21Z,new,,2020-02-12 18:56:01.773 UTC
Blue-13,3b1cdc7...c7b,2020-02-06T05:40:20Z,new,,2020-02-06 07:18:06.481 UTC
Blue-13,90e7d67...301,2020-02-10T01:42:34Z,new,,2020-02-10 01:44:01.749 UTC
Blue-13,f368e26...2b7,2020-02-10T02:09:20Z,new,,2020-02-10 02:10:02.151 UTC
Blue-13,d57b641...bb6,2020-02-10T02:38:03Z,new,,2020-02-10 02:40:02.173 UTC
Blue-13,c989b1c...a66,2020-02-11T05:44:13Z,new,,2020-02-11 05:46:02.114 UTC
Blue-13,b02de4d...7f0,2020-02-11T08:06:50Z,new,,2020-02-11 08:08:02.822 UTC
Blue-13,f9b9a93...df5,2020-02-12T03:45:35Z,new,,2020-02-12 06:31:56.438 UTC
Blue-13,50eb263...bb8,2020-02-12T23:59:05Z,new,,2020-02-13 00:00:02.690 UTC
Blue-13,e64e643...183,2020-02-13T00:50:37Z,new,,2020-02-13 00:52:01.888 UTC
Blue-13,36ab7ec...f57,2020-02-13T01:01:10Z,new,,2020-02-13 01:02:02.154 UTC
Blue-13,5354816...ddc,2020-02-13T01:35:46Z,new,,2020-02-13 01:36:02.605 UTC
Blue-13,2d187f1...547,2020-02-13T03:11:53Z,new,,2020-02-13 03:12:02.326 UTC
Blue-13,7f0e5f0...a2e,2020-02-13T07:52:49Z,new,,2020-02-13 07:54:02.124 UTC
Blue-13,ee6493b...96d,2020-02-13T10:23:12Z,new,,2020-02-17 05:08:58.934 UTC
Blue-13,cb26e55...c25,2020-02-13T10:20:54Z,new,,2020-02-17 05:08:58.934 UTC
Yellow-09,55553dc...4b1,2020-02-07T04:43:46Z,new,,2020-02-07 04:48:02.717 UTC
Yellow-09,f0f4ab8...865,2020-02-07T04:45:04Z,new,,2020-02-07 04:48:02.717 UTC
Yellow-09,774bc81...1e4,2020-02-07T04:46:49Z,new,,2020-02-07 04:48:02.717 UTC
Yellow-09,2310675...59c,2020-02-11T02:04:59Z,new,,2020-02-11 02:06:02.767 UTC
Yellow-09,7e4801b...d6c,2020-02-11T03:44:25Z,new,,2020-02-11 03:46:02.136 UTC
Blue-07,b47f8d9...4a6,2020-02-13T00:26:15Z,new,,2020-02-13 00:28:02.424 UTC
Blue-07,c5859c4...7c8,2020-02-13T00:46:44Z,new,,2020-02-13 00:48:05.196 UTC
Blue-07,8f7d52d...181,2020-02-13T01:28:56Z,new,,2020-02-13 01:30:03.857 UTC
Blue-07,fa49f69...bab,2020-02-13T06:20:41Z,new,,2020-02-13 06:22:02.009 UTC
Blue-07,917b84e...0d7,2020-02-13T07:30:32Z,new,,2020-02-13 07:32:01.834 UTC
Blue-07,56cc650...9f6,2020-02-13T08:02:51Z,new,,2020-02-13 08:04:01.775 UTC
Blue-07,b14bf12...590,2020-02-13T08:08:01Z,new,,2020-02-13 08:10:02.276 UTC
Blue-07,cb80156...143,2020-02-13T21:51:10Z,new,,2020-02-17 05:08:58.934 UTC
Blue-07,32ba131...55d,2020-02-13T21:50:30Z,new,,2020-02-17 05:08:58.934 UTC
Blue-07,5765d35...0f9,2020-02-13T21:35:41Z,new,,2020-02-17 05:08:58.934 UTC
Blue-07,e0364b1...9b7,2020-02-13T10:25:01Z,new,,2020-02-17 05:08:58.934 UTC
Blue-07,689ad20...52b,2020-02-13T10:05:56Z,new,,2020-02-17 05:08:58.934 UTC
Blue-07,7d5ec3b...3c9,2020-02-13T09:46:23Z,new,,2020-02-17 05:08:58.934 UTC
Blue-07,c8edc40...839,2020-02-13T08:58:23Z,new,,2020-02-17 05:08:58.934 UTC
Blue-00,d5bf75f...bba,,graded,"0000,0/17,0/11,0/8",2020-02-06 19:16:31.943785 UTC
Blue-08,f5ea88e...e41,,graded,"0000,0/17,0/11,0/8",2020-02-05 04:44:23.810848 UTC
Blue-08,f303bcf...544,,graded,"0000,0/17,0/11,0/8",2020-02-05 04:46:34.432600 UTC
Blue-08,50a81f4...dfb,,graded,"0000,0/17,0/11,0/8",2020-02-05 04:48:35.220690 UTC
Blue-10,6e359fc...9f4,,graded,"0000,0/17,0/11,0/8",2020-02-12 10:56:27.173479 UTC
Red-06,a653009...fe1,,graded,"0000,0/17,0/11,0/8",2020-02-07 04:56:28.062629 UTC
Blue-17,22d39f5...483,,graded,"0000,0/17,0/11,0/8",2020-02-13 02:50:25.689798 UTC
Blue-09,6ed7ed3...429,,graded,"0000,0/17,0/11,0/8",2020-02-10 01:22:35.523539 UTC
Blue-17,f7ed742...551,,graded,"0000,0/17,0/11,0/8",2020-02-11 22:10:28.517663 UTC
Blue-09,3f6501a...f1e,,graded,"0000,0/17,0/11,0/8",2020-02-06 23:50:27.507876 UTC
Blue-08,a79e3e6...892,,graded,"0000,0/17,0/11,0/8",2020-02-05 04:42:26.485201 UTC
Yellow-02,3a7435c...265,,graded,"0000,0/17,0/11,0/8",2020-02-12 06:40:59.794936 UTC
Yellow-01,36f3de5...fae,,graded,"0000,0/17,0/11,0/8",2020-02-13 07:34:24.287028 UTC
Blue-13,3b1cdc7...c7b,,graded,"0000,0/17,0/11,0/8",2020-02-06 07:20:25.188933 UTC
Blue-13,90e7d67...301,,graded,"0000,0/17,0/11,0/8",2020-02-10 01:46:34.775601 UTC
Yellow-05,35c2d6b...01a,,graded,"0000,0/17,0/11,0/8",2020-02-08 22:26:23.318025 UTC
Red-04,7f764e3...27d,,graded,"0000,0/17,0/11,0/8",2020-02-13 01:08:25.126676 UTC
Blue-09,af157ce...4f3,,graded,"0000,0/17,0/11,0/8",2020-02-07 01:06:25.144750 UTC
Blue-09,de4f369...d99,,graded,"0000,0/17,0/11,0/8",2020-02-07 01:38:29.732406 UTC
Blue-09,b962ed3...a36,,graded,"0000,0/17,0/11,0/8",2020-02-07 01:54:25.695312 UTC
Red-05,7d9dd11...655,,graded,"0000,0/17,0/11,0/8",2020-02-12 21:02:24.910847 UTC
Yellow-11,69136e4...cb4,,graded,"0000,0/17,0/11,0/8",2020-02-07 07:36:30.462701 UTC
Yellow-13,7cb0907...5a0,,graded,"0000,0/17,0/11,0/8",2020-02-12 07:12:37.585395 UTC
Blue-13,e64e643...183,,graded,"0000,0/17,0/11,0/8",2020-02-13 00:54:21.763532 UTC
Blue-13,36ab7ec...f57,,graded,"0000,0/17,0/11,0/8",2020-02-13 01:04:21.634979 UTC
Yellow-13,6dcc331...552,,graded,"0000,0/17,0/11,0/8",2020-02-12 07:08:32.526354 UTC
Blue-04,a38ad56...1b5,,graded,"0000,0/17,0/11,0/8",2020-02-04 22:22:32.203929 UTC
Yellow-13,e9cd7dd...d15,,graded,"0000,0/17,0/11,0/8",2020-02-12 07:10:34.840965 UTC
Yellow-13,8a5a6bb...545,,graded,"0000,0/17,0/11,0/8",2020-02-13 00:38:21.485910 UTC
Yellow-13,c66fb7b...825,,graded,"0000,0/17,0/11,0/8",2020-02-13 00:36:26.576294 UTC
Blue-17,f57b7a5...398,,graded,"0000,0/17,0/11,0/8",2020-02-13 03:38:24.189580 UTC
Yellow-06,741c64e...909,,graded,"0000,0/17,0/11,0/8",2020-02-07 00:16:28.657334 UTC
Yellow-02,e56a2a3...a12,,graded,"0000,0/17,0/11,0/8",2020-02-13 01:18:23.275572 UTC
Red-03,8f4b58f...b7c,,graded,"0000,0/17,0/11,0/8",2020-02-12 06:32:56.834483 UTC
Red-04,4c20ab3...56b,,graded,"0000,0/17,0/11,0/8",2020-02-13 01:14:46.430202 UTC
Yellow-13,b33257f...894,,graded,"0000,0/17,0/11,0/8",2020-02-13 00:34:23.029498 UTC
Yellow-10,eb78d29...abc,,graded,"0000,0/17,0/11,0/8",2020-02-13 07:46:43.973991 UTC
Blue-14,8618e5f...645,,graded,"10000,17/17,11/11,8/8",2020-02-12 07:14:36.306209 UTC
Blue-12,6798e87...a49,,graded,"10000,17/17,11/11,8/8",2020-02-07 20:36:26.561594 UTC
Red-13,ff9b407...789,,graded,"10000,17/17,11/11,8/8",2020-02-10 23:24:29.165985 UTC
Red-13,1156e92...328,,graded,"10000,17/17,11/11,8/8",2020-02-12 22:58:23.546724 UTC
Red-06,b4297a0...e54,,graded,"10000,17/17,11/11,8/8",2020-02-07 07:56:29.221807 UTC
Blue-04,30c1ae5...204,,graded,"10000,17/17,11/11,8/8",2020-02-05 00:52:29.132425 UTC
Red-01,4ea86a7...7ff,,graded,"10000,17/17,11/11,8/8",2020-02-06 00:02:33.752224 UTC
Red-05,281245e...45f,,graded,"10000,17/17,11/11,8/8",2020-02-13 00:24:24.494623 UTC
Yellow-09,55553dc...4b1,,graded,"10000,17/17,11/11,8/8",2020-02-07 04:50:30.565203 UTC
Yellow-11,9f20e79...4b4,,graded,"10000,17/17,11/11,8/8",2020-02-07 07:38:31.155933 UTC
Red-13,ab2abf8...821,,graded,"10000,17/17,11/11,8/8",2020-02-12 22:28:26.814437 UTC
Red-10,c3e11cd...e93,,graded,"10000,17/17,11/11,8/8",2020-02-11 22:48:31.492761 UTC
Red-09,74919a6...a10,,graded,"10000,17/17,11/11,8/8",2020-02-12 08:24:27.846217 UTC
Yellow-06,8912bbd...1ce,,graded,"10000,17/17,11/11,8/8",2020-02-07 00:20:29.960970 UTC
Blue-16,35be2b2...21f,,graded,"10000,17/17,11/11,8/8",2020-02-13 00:58:24.536273 UTC
Yellow-07,1b91e8e...dac,,graded,"10000,17/17,11/11,8/8",2020-02-13 06:06:31.338090 UTC
Red-13,6ca4534...e46,,graded,"10000,17/17,11/11,8/8",2020-02-12 20:56:26.638458 UTC
Red-02,2183eb2...ab2,,graded,"10000,17/17,11/11,8/8",2020-02-10 03:24:28.290303 UTC
Yellow-08,9804309...4b0,,graded,"10000,17/17,11/11,8/8",2020-02-05 06:12:28.276001 UTC
Blue-13,7f0e5f0...a2e,,graded,"10000,17/17,11/11,8/8",2020-02-13 07:57:53.492700 UTC
Red-13,9614657...72c,,graded,"10000,17/17,11/11,8/8",2020-02-12 22:40:24.393195 UTC
Yellow-13,26ae12f...3eb,,graded,"10000,17/17,11/11,8/8",2020-02-13 00:42:26.982700 UTC
Yellow-04,68d07ef...16a,,graded,"10000,17/17,11/11,8/8",2020-02-09 12:08:32.737055 UTC
Blue-01,6ece34a...d88,,graded,"10000,17/17,11/11,8/8",2020-02-12 21:06:29.372517 UTC
Red-04,a0ae873...bc5,,graded,"10000,17/17,11/11,8/8",2020-02-13 01:16:24.881931 UTC
Blue-03,01db9c8...a4a,,graded,"10000,17/17,11/11,8/8",2020-02-09 09:00:31.016735 UTC
Yellow-12,7401432...fb4,,graded,"10000,17/17,11/11,8/8",2020-02-13 03:58:24.587802 UTC
Yellow-09,774bc81...1e4,,graded,"10000,17/17,11/11,8/8",2020-02-07 04:54:27.305605 UTC
Blue-00,6d8108f...293,,graded,"10000,17/17,11/11,8/8",2020-02-07 20:52:32.906409 UTC
Blue-11,606d566...47d,,graded,"10000,17/17,11/11,8/8",2020-02-08 19:34:28.046434 UTC
Red-02,4b26dd5...2ad,,graded,"10000,17/17,11/11,8/8",2020-02-10 02:22:31.789397 UTC
Yellow-09,2310675...59c,,graded,"10000,17/17,11/11,8/8",2020-02-11 02:08:32.927116 UTC
Red-03,ae61051...6f9,,graded,"10000,17/17,11/11,8/8",2020-02-12 07:52:25.955761 UTC
Red-08,c13062c...af0,,graded,"10000,17/17,11/11,8/8",2020-02-09 03:28:31.243761 UTC
Yellow-08,d0dd3c4...da6,,graded,"10000,17/17,11/11,8/8",2020-02-05 18:22:30.641081 UTC
Yellow-02,e555b68...db4,,graded,"10000,17/17,11/11,8/8",2020-02-13 02:01:21.055598 UTC
Yellow-09,7e4801b...d6c,,graded,"10000,17/17,11/11,8/8",2020-02-11 03:48:34.143663 UTC
Yellow-13,eb08893...619,,graded,"10000,17/17,11/11,8/8",2020-02-13 00:48:23.946327 UTC
Yellow-03,c1e6515...eec,,graded,"10000,17/17,11/11,8/8",2020-02-12 08:10:38.077479 UTC
Blue-05,8217aa3...020,,graded,"10000,17/17,11/11,8/8",2020-02-07 08:00:29.591640 UTC
Blue-10,98733c7...74f,,graded,"10000,17/17,11/11,8/8",2020-02-12 11:10:24.574932 UTC
Yellow-05,99301e5...2e1,,graded,"10000,17/17,11/11,8/8",2020-02-12 18:58:28.534366 UTC
Red-03,895338a...d11,,graded,"10000,17/17,11/11,8/8",2020-02-12 19:22:23.764621 UTC
Blue-08,00d1902...ec2,,graded,"10000,17/17,11/11,8/8",2020-02-05 04:50:32.731491 UTC
Red-12,73e0236...372,,graded,"10000,17/17,11/11,8/8",2020-02-06 01:34:32.565833 UTC
Blue-02,786444f...c23,,graded,"10000,17/17,11/11,8/8",2020-02-06 07:01:03.515405 UTC
Red-07,a7248cb...71d,,graded,"10000,17/17,11/11,8/8",2020-02-09 06:38:45.066582 UTC
Red-02,1dd12b8...a17,,graded,"10000,17/17,11/11,8/8",2020-02-10 02:48:31.834840 UTC
Blue-13,2d187f1...547,,graded,"10000,17/17,11/11,8/8",2020-02-13 03:14:24.683705 UTC
Red-02,f394a37...2a0,,graded,"10000,17/17,11/11,8/8",2020-02-09 08:04:33.616421 UTC
Blue-17,a04902a...21f,,graded,"10000,17/17,11/11,8/8",2020-02-13 03:42:24.373842 UTC
Yellow-10,090d8bf...603,,graded,"10000,17/17,11/11,8/8",2020-02-13 07:52:19.804166 UTC
Red-07,630bb26...92e,,graded,"10000,17/17,11/11,8/8",2020-02-09 09:08:33.759893 UTC
Red-13,bfe3c2c...4a8,,graded,"10000,17/17,11/11,8/8",2020-02-12 22:22:24.555162 UTC
Blue-15,4097e45...74c,,graded,"10000,17/17,11/11,8/8",2020-02-12 19:50:27.295754 UTC
Blue-06,6454288...6fe,,graded,"10000,17/17,11/11,8/8",2020-02-13 05:14:24.391445 UTC
Red-02,148b0c5...bb4,,graded,"10000,17/17,11/11,8/8",2020-02-10 03:16:27.391783 UTC
Red-11,5656ac8...b1c,,graded,"10000,17/17,11/11,8/8",2020-02-12 23:26:22.538738 UTC
Blue-09,fc5aeb4...47f,,graded,"10000,17/17,11/11,8/8",2020-02-12 23:12:24.439489 UTC
Red-06,cc5bdcd...730,,graded,"10000,17/17,11/11,8/8",2020-02-08 19:10:30.355055 UTC
Yellow-09,f0f4ab8...865,,graded,"10000,17/17,11/11,8/8",2020-02-07 04:52:29.426899 UTC
Yellow-10,a5e44f1...aaa,,graded,"0000,0/17,0/11,0/8",2020-02-13 07:48:06.579127 UTC
Blue-17,81b2adf...5e0,,graded,"0000,0/17,0/11,0/8",2020-02-13 03:40:19.201977 UTC
Yellow-02,d9fac7d...a7f,,graded,"0000,0/17,0/11,0/8",2020-02-13 01:32:25.666826 UTC
Red-03,77f6747...505,,graded,"0000,0/17,0/11,0/8",2020-02-12 07:16:33.737355 UTC
Yellow-13,3200249...c6d,,graded,"0000,0/17,0/11,0/8",2020-02-13 00:40:21.994541 UTC
Red-05,9818c87...141,,graded,"0000,0/17,0/11,0/8",2020-02-13 00:14:21.691665 UTC
Blue-13,5354816...ddc,,graded,"0000,0/17,0/11,0/8",2020-02-13 01:38:24.339930 UTC
Blue-12,fb42d0e...b9b,,graded,"0000,0/17,0/11,0/8",2020-02-07 20:10:29.714326 UTC
Yellow-06,dd1132c...772,,graded,"0000,0/17,0/11,0/8",2020-02-07 00:18:29.435925 UTC
Yellow-02,fe5a915...c44,,graded,"0000,0/17,0/11,0/8",2020-02-13 01:54:23.243533 UTC
Yellow-06,9eba324...6ed,,graded,"0000,0/17,0/11,0/8",2020-02-07 00:14:26.213555 UTC
Yellow-03,0b7fb4d...ad3,,graded,"9727,17/17,10/11,8/8",2020-02-12 07:44:32.633392 UTC
Yellow-07,19ff7c8...94f,,graded,"0000,0/17,0/11,0/8",2020-02-12 09:10:29.548627 UTC
Blue-14,b96fca1...196,,graded,"0000,0/17,0/11,0/8",2020-02-12 06:43:50.373080 UTC
Red-14,39baa25...c08,,graded,"8909,17/17,7/11,8/8",2020-02-13 07:57:23.286085 UTC
Red-06,79a80b8...cc4,,graded,"8909,17/17,7/11,8/8",2020-02-07 05:06:26.706693 UTC
Blue-14,c6fe01b...046,,graded,"8909,17/17,7/11,8/8",2020-02-12 06:47:41.776179 UTC
Red-14,df01f3e...869,,graded,"8909,17/17,7/11,8/8",2020-02-13 07:51:30.324061 UTC
Yellow-07,2d56346...080,,graded,"8909,17/17,7/11,8/8",2020-02-13 05:30:26.749602 UTC
Red-08,8709d34...2f6,,graded,"8909,17/17,7/11,8/8",2020-02-08 11:58:31.916552 UTC
Red-09,05f2135...396,,graded,"8909,17/17,7/11,8/8",2020-02-12 07:41:59.044411 UTC
Yellow-07,32613fb...5e3,,graded,"0000,0/17,0/11,0/8",2020-02-13 02:27:15.219411 UTC
Red-14,066d36a...fd6,,graded,"0000,0/17,0/11,0/8",2020-02-13 07:43:31.558098 UTC
Blue-14,6fd0dfa...7e4,,graded,"0000,0/17,0/11,0/8",2020-02-12 06:46:17.284207 UTC
Red-14,066d36a...fd6,,graded,"0000,0/17,0/11,0/8",2020-02-13 07:45:36.055977 UTC
Yellow-06,8789f2d...685,,graded,"0000,0/17,0/11,0/8",2020-02-07 00:12:27.472190 UTC
Blue-06,0058c36...bec,,graded,"9125,17/17,11/11,7/8",2020-02-13 04:14:24.448534 UTC
Blue-06,109aea8...2d4,,graded,"9125,17/17,11/11,7/8",2020-02-13 04:36:24.956198 UTC
Blue-01,71e2ff1...1b1,,graded,"9125,17/17,11/11,7/8",2020-02-12 20:44:27.694211 UTC
Blue-01,27e9cd5...006,,graded,"9125,17/17,11/11,7/8",2020-02-12 20:20:28.737517 UTC
Blue-13,b02de4d...7f0,,graded,"0000,0/17,0/11,0/8",2020-02-11 08:10:35.499268 UTC
Blue-13,c989b1c...a66,,graded,"0000,0/17,0/11,0/8",2020-02-11 05:48:33.825202 UTC
Yellow-02,bfd70b6...adb,,graded,"0000,0/17,0/11,0/8",2020-02-12 23:08:23.214601 UTC
Red-11,751a14a...777,,graded,"0000,0/17,0/11,0/8",2020-02-12 06:36:43.740909 UTC
Yellow-05,0c4ad32...fa3,,graded,"0000,0/17,0/11,0/8",2020-02-11 05:52:25.231076 UTC
Red-14,4090f09...1ef,,graded,"0000,0/17,0/11,0/8",2020-02-13 06:53:21.878451 UTC
Red-05,1c76a40...092,,graded,"0000,0/17,0/11,0/8",2020-02-12 17:58:26.693008 UTC
Yellow-02,6e59376...0e9,,graded,"0000,0/17,0/11,0/8",2020-02-12 06:45:19.743232 UTC
Blue-12,aebb814...310,,graded,"0000,0/17,0/11,0/8",2020-02-07 19:44:28.831342 UTC
Red-14,e76755e...d6c,,graded,"0000,0/17,0/11,0/8",2020-02-13 06:51:09.347461 UTC
Blue-13,50eb263...bb8,,graded,"0000,0/17,0/11,0/8",2020-02-13 00:02:21.013774 UTC
Blue-11,c4f8baa...897,,graded,"0000,0/17,0/11,0/8",2020-02-08 18:40:26.885034 UTC
Blue-12,303d2bf...5ac,,graded,"0000,0/17,0/11,0/8",2020-02-07 19:46:30.043941 UTC
Yellow-13,6a6c321...a62,,graded,"0000,0/17,0/11,0/8",2020-02-12 07:04:28.070889 UTC
Yellow-13,47bb7c5...f56,,graded,"0000,0/17,0/11,0/8",2020-02-12 07:06:34.749433 UTC
Yellow-05,60174c9...6e1,,graded,"8852,17/17,10/11,7/8",2020-02-12 18:18:30.886445 UTC
Red-01,27e6329...dbf,,graded,"8852,17/17,10/11,7/8",2020-02-05 23:42:26.409696 UTC
Red-12,231f1ab...b02,,graded,"8852,17/17,10/11,7/8",2020-02-06 01:16:32.814868 UTC
Blue-06,9d72509...619,,graded,"8852,17/17,10/11,7/8",2020-02-12 10:46:26.374232 UTC
Blue-01,671d383...386,,graded,"8579,17/17,9/11,7/8",2020-02-12 19:34:25.174344 UTC
Blue-13,d57b641...bb6,,graded,"0000,0/17,0/11,0/8",2020-02-10 02:42:27.321911 UTC
Yellow-13,d5cd507...479,,graded,"0000,0/17,0/11,0/8",2020-02-12 07:02:30.387122 UTC
Red-04,e6edf51...46e,,graded,"0000,0/17,0/11,0/8",2020-02-13 01:13:11.878567 UTC
Yellow-01,d9dbf78...e23,,graded,"0000,0/17,0/11,0/8",2020-02-13 07:45:11.130486 UTC
Yellow-01,d9dbf78...e23,,graded,"0000,0/17,0/11,0/8",2020-02-13 07:42:51.650724 UTC
Yellow-05,2f596e5...005,,graded,"0000,0/17,0/11,0/8",2020-02-11 02:36:28.208366 UTC
Blue-05,63034e2...698,,graded,"0000,0/17,0/11,0/8",2020-02-07 02:04:30.210421 UTC
Yellow-04,fb29201...051,,graded,"7761,17/17,6/11,7/8",2020-02-09 11:34:27.556086 UTC
Blue-05,0cbb438...8dd,,graded,"7761,17/17,6/11,7/8",2020-02-07 07:32:59.502348 UTC
Blue-17,99cc274...1c3,,graded,"0000,0/17,0/11,0/8",2020-02-13 02:52:20.366269 UTC
Blue-09,959f85c...38f,,graded,"8852,17/17,10/11,7/8",2020-02-12 22:06:28.365237 UTC
Red-09,21bb4c6...c43,,graded,"0000,0/17,0/11,0/8",2020-02-12 08:12:27.232912 UTC
Red-09,d870c41...410,,graded,"0000,0/17,0/11,0/8",2020-02-12 08:08:28.639082 UTC
Red-09,5e5bf85...447,,graded,"0000,0/17,0/11,0/8",2020-02-12 08:00:27.446559 UTC
Blue-09,6d9e38e...821,,graded,"0000,0/17,0/11,0/8",2020-02-12 19:06:26.424439 UTC
Blue-07,8f7d52d...181,,graded,"0000,0/17,0/11,0/8",2020-02-13 01:34:25.240246 UTC
Blue-13,f9b9a93...df5,,graded,"0000,0/17,0/11,0/8",2020-02-12 06:43:52.732537 UTC
Blue-13,f368e26...2b7,,graded,"0000,0/17,0/11,0/8",2020-02-10 02:12:32.100562 UTC
Yellow-01,02e2668...481,,graded,"0000,0/17,0/11,0/8",2020-02-13 07:36:29.483305 UTC
Yellow-06,268a892...ff6,,graded,"0000,0/17,0/11,0/8",2020-02-07 00:06:31.668076 UTC
Yellow-07,fa6499e...9a0,,graded,"0000,0/17,0/11,0/8",2020-02-12 09:06:31.678006 UTC
Blue-04,f7abede...f00,,graded,"0000,0/17,0/11,0/8",2020-02-04 21:02:34.617938 UTC
Red-04,67c2fd1...3b4,,graded,"0000,0/17,0/11,0/8",2020-02-13 01:10:24.886058 UTC
Yellow-13,684f383...193,,graded,"0000,0/17,0/11,0/8",2020-02-12 07:00:41.193257 UTC
Yellow-01,21beaa8...dca,,graded,"0000,0/17,0/11,0/8",2020-02-13 07:38:24.781538 UTC
Yellow-07,352ca5b...16d,,graded,"0000,0/17,0/11,0/8",2020-02-12 09:08:27.308435 UTC
Yellow-06,59d0500...74f,,graded,"0000,0/17,0/11,0/8",2020-02-07 00:08:29.661445 UTC
Yellow-06,b55e2b2...6ce,,graded,"0000,0/17,0/11,0/8",2020-02-07 00:10:30.044166 UTC
Blue-07,b14bf12...590,,graded,"0000,0/17,0/11,0/8",2020-02-17 05:12:09.633835 UTC
Blue-07,7d5ec3b...3c9,,graded,"0000,0/17,0/11,0/8",2020-02-17 05:14:20.681376 UTC
Blue-07,7d5ec3b...3c9,,graded,"0000,0/17,0/11,0/8",2020-02-17 05:15:40.552183 UTC
Blue-13,cb26e55...c25,,graded,"10000,17/17,11/11,8/8",2020-02-17 05:18:00.153395 UTC
Blue-07,689ad20...52b,,graded,"0000,0/17,0/11,0/8",2020-02-17 05:18:00.497823 UTC
Blue-07,e0364b1...9b7,,graded,"0000,0/17,0/11,0/8",2020-02-17 05:20:09.915733 UTC
Blue-13,ee6493b...96d,,graded,"10000,17/17,11/11,8/8",2020-02-17 05:20:09.903792 UTC
Red-14,e82c7cb...743,,graded,"0000,0/17,0/11,0/8",2020-02-17 05:22:15.172546 UTC
Red-14,53becc2...df8,,graded,"10000,17/17,11/11,8/8",2020-02-17 05:24:18.190337 UTC
Blue-07,689ad20...52b,,queued_,,2020-02-17 05:15:29.753363 UTC
Blue-13,cb26e55...c25,,queued_,,2020-02-17 05:15:37.065497 UTC
Blue-13,ee6493b...96d,,queued_,,2020-02-17 05:16:12.657398 UTC
Blue-07,e0364b1...9b7,,queued_,,2020-02-17 05:16:34.168403 UTC
Blue-07,5765d35...0f9,,queued_,,2020-02-17 05:16:54.049629 UTC
Blue-07,32ba131...55d,,queued_,,2020-02-17 05:17:12.847459 UTC
Blue-07,cb80156...143,,queued_,,2020-02-17 05:17:21.873996 UTC
Red-14,e82c7cb...743,,queued_,,2020-02-17 05:18:07.519247 UTC
Red-14,53becc2...df8,,queued_,,2020-02-17 05:19:08.133096 UTC
Yellow-00,04311e5...5cf,,pending_2020-02-04T15:39:10Z,,2020-02-04 15:39:12.071495 UTC
Blue-03,6db5358...d0f,,pending_2020-02-04T15:59:10Z,,2020-02-04 15:59:12.164493 UTC
Blue-08,6cbb354...77d,,pending_2020-02-04T16:29:10Z,,2020-02-04 16:29:12.128258 UTC
Yellow-13,307c5e8...6d6,,pending_2020-02-04T19:09:09Z,,2020-02-04 19:09:10.525433 UTC
Blue-04,564f656...29d,,pending_2020-02-04T19:11:12Z,,2020-02-04 19:11:13.607657 UTC
Yellow-11,7f18a6b...bb1,,pending_2020-02-04T19:49:11Z,,2020-02-04 19:49:13.054305 UTC
Blue-11,3739a66...b19,,pending_2020-02-04T19:51:11Z,,2020-02-04 19:51:13.288755 UTC
Blue-12,7983381...c28,,pending_2020-02-04T20:29:11Z,,2020-02-04 20:29:13.203510 UTC
Blue-04,f7abede...f00,,pending_2020-02-04T21:01:10Z,,2020-02-04 21:01:12.251613 UTC
Red-07,7b87de8...19c,,pending_2020-02-04T21:19:12Z,,2020-02-04 21:19:13.604607 UTC
Blue-04,a38ad56...1b5,,pending_2020-02-04T22:21:11Z,,2020-02-04 22:21:12.586868 UTC
Red-11,c5210e2...d3a,,pending_2020-02-05T00:09:11Z,,2020-02-05 00:09:12.873683 UTC
Red-02,820652f...93f,,pending_2020-02-05T00:49:12Z,,2020-02-05 00:49:14.071697 UTC
Blue-04,30c1ae5...204,,pending_2020-02-05T00:51:11Z,,2020-02-05 00:51:13.256325 UTC
Yellow-08,e81d99b...3de,,pending_2020-02-05T01:39:12Z,,2020-02-05 01:39:14.223007 UTC
Yellow-06,282fa79...8b7,,pending_2020-02-05T03:39:13Z,,2020-02-05 03:39:14.638684 UTC
Blue-08,a79e3e6...892,,pending_2020-02-05T04:41:12Z,,2020-02-05 04:41:14.039819 UTC
Blue-08,f5ea88e...e41,,pending_2020-02-05T04:43:09Z,,2020-02-05 04:43:10.811409 UTC
Blue-08,f303bcf...544,,pending_2020-02-05T04:45:12Z,,2020-02-05 04:45:13.754920 UTC
Blue-08,50a81f4...dfb,,pending_2020-02-05T04:47:11Z,,2020-02-05 04:47:13.275882 UTC
Blue-08,00d1902...ec2,,pending_2020-02-05T04:49:12Z,,2020-02-05 04:49:13.931889 UTC
Red-01,68add23...94f,,pending_2020-02-05T05:49:13Z,,2020-02-05 05:49:15.198712 UTC
Blue-17,1d733d9...1e3,,pending_2020-02-05T06:09:14Z,,2020-02-05 06:09:15.238485 UTC
Yellow-08,9804309...4b0,,pending_2020-02-05T06:11:13Z,,2020-02-05 06:11:14.336841 UTC
Blue-10,fc6d8e0...4e5,,pending_2020-02-05T06:29:13Z,,2020-02-05 06:29:15.277687 UTC
Red-12,2b5d583...686,,pending_2020-02-05T17:49:11Z,,2020-02-05 17:49:12.743499 UTC
Yellow-08,d0dd3c4...da6,,pending_2020-02-05T18:21:10Z,,2020-02-05 18:21:12.078485 UTC
Blue-05,3d34bdf...eba,,pending_2020-02-05T19:49:11Z,,2020-02-05 19:49:13.223485 UTC
Blue-00,3a1ef2d...03b,,pending_2020-02-05T19:59:11Z,,2020-02-05 19:59:13.033799 UTC
Yellow-04,bd4e032...a06,,pending_2020-02-05T20:01:09Z,,2020-02-05 20:01:10.960630 UTC
Red-05,bbc21b1...ef6,,pending_2020-02-05T22:29:12Z,,2020-02-05 22:29:13.689447 UTC
Red-06,471b6a6...5e5,,pending_2020-02-05T22:49:12Z,,2020-02-05 22:49:13.646428 UTC
Blue-02,0bfa1e8...360,,pending_2020-02-05T22:51:12Z,,2020-02-05 22:51:13.763055 UTC
Red-01,27e6329...dbf,,pending_2020-02-05T23:41:08Z,,2020-02-05 23:41:09.668244 UTC
Blue-01,a9ad589...a1a,,pending_2020-02-05T23:49:12Z,,2020-02-05 23:49:13.876368 UTC
Red-01,4ea86a7...7ff,,pending_2020-02-06T00:01:11Z,,2020-02-06 00:01:13.115064 UTC
Blue-13,4db3234...8c1,,pending_2020-02-06T00:29:12Z,,2020-02-06 00:29:14.081958 UTC
Red-12,231f1ab...b02,,pending_2020-02-06T01:15:11Z,,2020-02-06 01:15:13.155331 UTC
Red-12,73e0236...372,,pending_2020-02-06T01:33:11Z,,2020-02-06 01:33:13.303470 UTC
Red-10,8a997b8...167,,pending_2020-02-06T04:09:13Z,,2020-02-06 04:09:14.978582 UTC
Blue-07,4fff81e...7df,,pending_2020-02-06T04:59:08Z,,2020-02-06 04:59:10.291245 UTC
Blue-09,a184fa6...469,,pending_2020-02-06T06:29:09Z,,2020-02-06 06:29:10.611353 UTC
Blue-02,786444f...c23,,pending_2020-02-06T06:59:09Z,,2020-02-06 06:59:10.617852 UTC
Blue-13,3b1cdc7...c7b,,pending_2020-02-06T07:19:09Z,,2020-02-06 07:19:10.621187 UTC
Yellow-09,a0cda37...75b,,pending_2020-02-06T18:49:11Z,,2020-02-06 18:49:12.744739 UTC
Blue-00,d5bf75f...bba,,pending_2020-02-06T19:15:11Z,,2020-02-06 19:15:12.798666 UTC
Yellow-01,771ccb2...95f,,pending_2020-02-06T19:29:11Z,,2020-02-06 19:29:12.814701 UTC
Blue-09,3f6501a...f1e,,pending_2020-02-06T23:49:11Z,,2020-02-06 23:49:12.571327 UTC
Yellow-06,268a892...ff6,,pending_2020-02-07T00:05:12Z,,2020-02-07 00:05:14.004757 UTC
Yellow-06,59d0500...74f,,pending_2020-02-07T00:07:11Z,,2020-02-07 00:07:12.750610 UTC
Yellow-06,b55e2b2...6ce,,pending_2020-02-07T00:09:11Z,,2020-02-07 00:09:12.882796 UTC
Yellow-06,8789f2d...685,,pending_2020-02-07T00:11:11Z,,2020-02-07 00:11:12.753176 UTC
Yellow-06,9eba324...6ed,,pending_2020-02-07T00:13:11Z,,2020-02-07 00:13:12.694290 UTC
Yellow-06,741c64e...909,,pending_2020-02-07T00:15:11Z,,2020-02-07 00:15:12.953353 UTC
Yellow-06,dd1132c...772,,pending_2020-02-07T00:17:11Z,,2020-02-07 00:17:12.714195 UTC
Yellow-06,8912bbd...1ce,,pending_2020-02-07T00:19:11Z,,2020-02-07 00:19:12.705981 UTC
Red-13,7d8e73e...8b6,,pending_2020-02-07T00:49:12Z,,2020-02-07 00:49:13.640914 UTC
Blue-09,af157ce...4f3,,pending_2020-02-07T01:05:10Z,,2020-02-07 01:05:12.326391 UTC
Blue-09,de4f369...d99,,pending_2020-02-07T01:37:11Z,,2020-02-07 01:37:13.167481 UTC
Blue-09,b962ed3...a36,,pending_2020-02-07T01:53:10Z,,2020-02-07 01:53:12.060319 UTC
Blue-05,63034e2...698,,pending_2020-02-07T02:03:12Z,,2020-02-07 02:03:14.149352 UTC
Blue-06,364308b...c59,,pending_2020-02-07T02:19:12Z,,2020-02-07 02:19:14.033987 UTC
Yellow-09,55553dc...4b1,,pending_2020-02-07T04:49:12Z,,2020-02-07 04:49:13.593572 UTC
Yellow-09,f0f4ab8...865,,pending_2020-02-07T04:51:12Z,,2020-02-07 04:51:13.434686 UTC
Yellow-09,774bc81...1e4,,pending_2020-02-07T04:53:11Z,,2020-02-07 04:53:12.869825 UTC
Red-06,a653009...fe1,,pending_2020-02-07T04:55:10Z,,2020-02-07 04:55:12.269790 UTC
Red-06,79a80b8...cc4,,pending_2020-02-07T05:05:09Z,,2020-02-07 05:05:11.294564 UTC
Red-04,38228d0...717,,pending_2020-02-07T05:09:13Z,,2020-02-07 05:09:14.723705 UTC
Blue-05,0cbb438...8dd,,pending_2020-02-07T07:31:13Z,,2020-02-07 07:31:14.466354 UTC
Yellow-11,69136e4...cb4,,pending_2020-02-07T07:35:11Z,,2020-02-07 07:35:13.328078 UTC
Yellow-11,9f20e79...4b4,,pending_2020-02-07T07:37:11Z,,2020-02-07 07:37:12.599763 UTC
Red-06,b4297a0...e54,,pending_2020-02-07T07:55:10Z,,2020-02-07 07:55:12.228427 UTC
Blue-05,8217aa3...020,,pending_2020-02-07T07:59:14Z,,2020-02-07 07:59:15.409318 UTC
Yellow-07,cc48205...c24,,pending_2020-02-07T09:19:14Z,,2020-02-07 09:19:15.688726 UTC
Blue-12,aebb814...310,,pending_2020-02-07T19:43:10Z,,2020-02-07 19:43:12.354636 UTC
Blue-12,303d2bf...5ac,,pending_2020-02-07T19:45:10Z,,2020-02-07 19:45:11.418932 UTC
Blue-12,fb42d0e...b9b,,pending_2020-02-07T20:09:10Z,,2020-02-07 20:09:11.666438 UTC
Blue-12,6798e87...a49,,pending_2020-02-07T20:35:10Z,,2020-02-07 20:35:11.345210 UTC
Blue-00,6d8108f...293,,pending_2020-02-07T20:51:11Z,,2020-02-07 20:51:12.705983 UTC
Yellow-12,f086111...a56,,pending_2020-02-07T22:39:11Z,,2020-02-07 22:39:13.018151 UTC
Red-08,cf1740f...65d,,pending_2020-02-08T08:59:08Z,,2020-02-08 08:59:09.976237 UTC
Red-08,8709d34...2f6,,pending_2020-02-08T11:57:10Z,,2020-02-08 11:57:12.271821 UTC
Blue-11,c4f8baa...897,,pending_2020-02-08T18:39:10Z,,2020-02-08 18:39:11.641224 UTC
Red-06,cc5bdcd...730,,pending_2020-02-08T19:09:10Z,,2020-02-08 19:09:11.885126 UTC
Blue-11,606d566...47d,,pending_2020-02-08T19:33:12Z,,2020-02-08 19:33:13.273932 UTC
Yellow-05,af005c6...d48,,pending_2020-02-08T22:09:09Z,,2020-02-08 22:09:11.174809 UTC
Yellow-05,35c2d6b...01a,,pending_2020-02-08T22:25:10Z,,2020-02-08 22:25:11.316607 UTC
Red-08,c13062c...af0,,pending_2020-02-09T03:27:09Z,,2020-02-09 03:27:10.725609 UTC
Red-07,a7248cb...71d,,pending_2020-02-09T06:37:11Z,,2020-02-09 06:37:12.959536 UTC
Red-02,f394a37...2a0,,pending_2020-02-09T08:03:12Z,,2020-02-09 08:03:14.123941 UTC
Blue-03,01db9c8...a4a,,pending_2020-02-09T08:59:12Z,,2020-02-09 08:59:14.231894 UTC
Red-07,630bb26...92e,,pending_2020-02-09T09:07:10Z,,2020-02-09 09:07:11.563819 UTC
Yellow-04,22e4c47...5c6,,pending_2020-02-09T11:25:11Z,,2020-02-09 11:25:12.879377 UTC
Yellow-04,fb29201...051,,pending_2020-02-09T11:33:12Z,,2020-02-09 11:33:13.513772 UTC
Yellow-04,68d07ef...16a,,pending_2020-02-09T12:07:10Z,,2020-02-09 12:07:11.582262 UTC
Blue-09,6ed7ed3...429,,pending_2020-02-10T01:21:14Z,,2020-02-10 01:21:16.555012 UTC
Blue-13,90e7d67...301,,pending_2020-02-10T01:45:13Z,,2020-02-10 01:45:14.991210 UTC
Blue-13,f368e26...2b7,,pending_2020-02-10T02:11:10Z,,2020-02-10 02:11:11.463541 UTC
Red-02,4b26dd5...2ad,,pending_2020-02-10T02:21:10Z,,2020-02-10 02:21:11.575073 UTC
Blue-13,d57b641...bb6,,pending_2020-02-10T02:41:10Z,,2020-02-10 02:41:11.564895 UTC
Red-02,1dd12b8...a17,,pending_2020-02-10T02:47:10Z,,2020-02-10 02:47:11.563238 UTC
Red-02,148b0c5...bb4,,pending_2020-02-10T03:15:09Z,,2020-02-10 03:15:10.702899 UTC
Red-02,2183eb2...ab2,,pending_2020-02-10T03:23:10Z,,2020-02-10 03:23:11.725707 UTC
Red-09,b3c80e4...2c7,,pending_2020-02-10T10:09:13Z,,2020-02-10 10:09:14.299555 UTC
Red-03,0e40ff7...17c,,pending_2020-02-10T10:29:12Z,,2020-02-10 10:29:14.188721 UTC
Blue-16,014570a...ba3,,pending_2020-02-10T22:49:10Z,,2020-02-10 22:49:11.627803 UTC
Red-13,ff9b407...789,,pending_2020-02-10T23:23:10Z,,2020-02-10 23:23:11.707756 UTC
Yellow-10,970c39d...574,,pending_2020-02-10T23:39:10Z,,2020-02-10 23:39:11.759306 UTC
Yellow-09,2310675...59c,,pending_2020-02-11T02:07:10Z,,2020-02-11 02:07:12.282626 UTC
Blue-14,6d81347...5a5,,pending_2020-02-11T02:29:10Z,,2020-02-11 02:29:12.320605 UTC
Yellow-05,2f596e5...005,,pending_2020-02-11T02:35:11Z,,2020-02-11 02:35:12.287187 UTC
Yellow-09,7e4801b...d6c,,pending_2020-02-11T03:47:10Z,,2020-02-11 03:47:11.328587 UTC
Blue-13,c989b1c...a66,,pending_2020-02-11T05:47:11Z,,2020-02-11 05:47:12.985656 UTC
Yellow-05,0c4ad32...fa3,,pending_2020-02-11T05:51:10Z,,2020-02-11 05:51:11.781772 UTC
Red-14,15550ec...37f,,pending_2020-02-11T07:09:11Z,,2020-02-11 07:09:13.128029 UTC
Blue-15,28cbf2c...3b8,,pending_2020-02-11T07:39:11Z,,2020-02-11 07:39:13.347247 UTC
Blue-13,b02de4d...7f0,,pending_2020-02-11T08:09:10Z,,2020-02-11 08:09:12.261735 UTC
Blue-17,f7ed742...551,,pending_2020-02-11T22:09:10Z,,2020-02-11 22:09:11.420637 UTC
Red-10,c3e11cd...e93,,pending_2020-02-11T22:47:10Z,,2020-02-11 22:47:11.379470 UTC
Blue-14,b96fca1...196,,pending_2020-02-12T06:13:14Z,,2020-02-12 06:13:15.532820 UTC
Red-11,751a14a...777,,pending_2020-02-12T06:33:12Z,,2020-02-12 06:33:14.112357 UTC
Yellow-03,64d5a09...ec5,,pending_2020-02-12T06:35:14Z,,2020-02-12 06:35:16.796884 UTC
Yellow-02,a008233...5d7,,pending_2020-02-12T06:37:15Z,,2020-02-12 06:37:18.732596 UTC
Yellow-02,3a7435c...265,,pending_2020-02-12T06:39:13Z,,2020-02-12 06:39:16.390094 UTC
Blue-14,b96fca1...196,,pending_2020-02-12T06:41:06Z,,2020-02-12 06:41:08.902744 UTC
Blue-13,f9b9a93...df5,,pending_2020-02-12T06:41:12Z,,2020-02-12 06:41:15.968492 UTC
Yellow-02,6e59376...0e9,,pending_2020-02-12T06:43:57Z,,2020-02-12 06:43:58.523908 UTC
Blue-14,6fd0dfa...7e4,,pending_2020-02-12T06:44:53Z,,2020-02-12 06:44:54.784625 UTC
Blue-14,c6fe01b...046,,pending_2020-02-12T06:46:23Z,,2020-02-12 06:46:25.198827 UTC
Yellow-13,684f383...193,,pending_2020-02-12T06:59:12Z,,2020-02-12 06:59:14.261641 UTC
Yellow-13,d5cd507...479,,pending_2020-02-12T07:01:11Z,,2020-02-12 07:01:13.237242 UTC
Yellow-13,6a6c321...a62,,pending_2020-02-12T07:03:10Z,,2020-02-12 07:03:11.977715 UTC
Yellow-13,47bb7c5...f56,,pending_2020-02-12T07:05:11Z,,2020-02-12 07:05:12.775583 UTC
Yellow-13,6dcc331...552,,pending_2020-02-12T07:07:11Z,,2020-02-12 07:07:12.364650 UTC
Yellow-13,e9cd7dd...d15,,pending_2020-02-12T07:09:08Z,,2020-02-12 07:09:09.419090 UTC
Yellow-13,7cb0907...5a0,,pending_2020-02-12T07:11:11Z,,2020-02-12 07:11:13.195441 UTC
Blue-14,8618e5f...645,,pending_2020-02-12T07:13:08Z,,2020-02-12 07:13:09.473949 UTC
Red-03,77f6747...505,,pending_2020-02-12T07:15:10Z,,2020-02-12 07:15:11.856983 UTC
Red-09,05f2135...396,,pending_2020-02-12T07:39:13Z,,2020-02-12 07:39:15.353424 UTC
Yellow-03,0b7fb4d...ad3,,pending_2020-02-12T07:43:12Z,,2020-02-12 07:43:14.084525 UTC
Red-03,ae61051...6f9,,pending_2020-02-12T07:51:07Z,,2020-02-12 07:51:09.079646 UTC
Red-09,5e5bf85...447,,pending_2020-02-12T07:59:07Z,,2020-02-12 07:59:09.107514 UTC
Red-09,d870c41...410,,pending_2020-02-12T08:07:07Z,,2020-02-12 08:07:09.188409 UTC
Yellow-03,c1e6515...eec,,pending_2020-02-12T08:09:12Z,,2020-02-12 08:09:14.059588 UTC
Red-09,21bb4c6...c43,,pending_2020-02-12T08:11:07Z,,2020-02-12 08:11:09.152624 UTC
Red-09,74919a6...a10,,pending_2020-02-12T08:23:11Z,,2020-02-12 08:23:12.277750 UTC
Yellow-07,fa6499e...9a0,,pending_2020-02-12T09:05:09Z,,2020-02-12 09:05:10.486230 UTC
Yellow-07,352ca5b...16d,,pending_2020-02-12T09:07:08Z,,2020-02-12 09:07:09.422609 UTC
Yellow-07,19ff7c8...94f,,pending_2020-02-12T09:09:13Z,,2020-02-12 09:09:14.518316 UTC
Blue-06,9d72509...619,,pending_2020-02-12T10:45:11Z,,2020-02-12 10:45:12.775997 UTC
Blue-10,6e359fc...9f4,,pending_2020-02-12T10:55:09Z,,2020-02-12 10:55:11.017160 UTC
Blue-10,98733c7...74f,,pending_2020-02-12T11:09:08Z,,2020-02-12 11:09:09.862462 UTC
Red-05,1c76a40...092,,pending_2020-02-12T17:57:10Z,,2020-02-12 17:57:12.134749 UTC
Yellow-05,60174c9...6e1,,pending_2020-02-12T18:17:10Z,,2020-02-12 18:17:12.054856 UTC
Yellow-05,99301e5...2e1,,pending_2020-02-12T18:57:11Z,,2020-02-12 18:57:12.351685 UTC
Blue-09,6d9e38e...821,,pending_2020-02-12T19:05:10Z,,2020-02-12 19:05:12.405990 UTC
Red-03,895338a...d11,,pending_2020-02-12T19:21:08Z,,2020-02-12 19:21:10.200002 UTC
Blue-01,671d383...386,,pending_2020-02-12T19:33:11Z,,2020-02-12 19:33:12.459280 UTC
Blue-15,4097e45...74c,,pending_2020-02-12T19:49:11Z,,2020-02-12 19:49:12.268337 UTC
Blue-01,27e9cd5...006,,pending_2020-02-12T20:19:09Z,,2020-02-12 20:19:11.309230 UTC
Blue-01,71e2ff1...1b1,,pending_2020-02-12T20:43:10Z,,2020-02-12 20:43:11.439062 UTC
Red-13,6ca4534...e46,,pending_2020-02-12T20:55:11Z,,2020-02-12 20:55:12.488499 UTC
Red-05,7d9dd11...655,,pending_2020-02-12T21:01:10Z,,2020-02-12 21:01:11.569495 UTC
Blue-01,6ece34a...d88,,pending_2020-02-12T21:05:10Z,,2020-02-12 21:05:11.639288 UTC
Blue-09,959f85c...38f,,pending_2020-02-12T22:05:10Z,,2020-02-12 22:05:11.869011 UTC
Red-13,bfe3c2c...4a8,,pending_2020-02-12T22:21:09Z,,2020-02-12 22:21:10.980258 UTC
Red-13,ab2abf8...821,,pending_2020-02-12T22:27:10Z,,2020-02-12 22:27:11.364523 UTC
Red-13,9614657...72c,,pending_2020-02-12T22:39:07Z,,2020-02-12 22:39:09.182865 UTC
Red-13,1156e92...328,,pending_2020-02-12T22:57:09Z,,2020-02-12 22:57:11.116531 UTC
Yellow-02,bfd70b6...adb,,pending_2020-02-12T23:07:09Z,,2020-02-12 23:07:11.151598 UTC
Blue-09,fc5aeb4...47f,,pending_2020-02-12T23:11:10Z,,2020-02-12 23:11:11.958485 UTC
Red-11,5656ac8...b1c,,pending_2020-02-12T23:25:10Z,,2020-02-12 23:25:11.253392 UTC
Blue-13,50eb263...bb8,,pending_2020-02-13T00:01:10Z,,2020-02-13 00:01:12.286520 UTC
Red-05,9818c87...141,,pending_2020-02-13T00:13:11Z,,2020-02-13 00:13:12.315683 UTC
Red-05,281245e...45f,,pending_2020-02-13T00:23:10Z,,2020-02-13 00:23:12.054344 UTC
Blue-07,b47f8d9...4a6,,pending_2020-02-13T00:29:11Z,,2020-02-13 00:29:13.192547 UTC
Yellow-13,b33257f...894,,pending_2020-02-13T00:33:10Z,,2020-02-13 00:33:11.894534 UTC
Yellow-13,c66fb7b...825,,pending_2020-02-13T00:35:11Z,,2020-02-13 00:35:12.372934 UTC
Yellow-13,8a5a6bb...545,,pending_2020-02-13T00:37:10Z,,2020-02-13 00:37:11.190508 UTC
Yellow-13,3200249...c6d,,pending_2020-02-13T00:39:10Z,,2020-02-13 00:39:12.084637 UTC
Yellow-13,26ae12f...3eb,,pending_2020-02-13T00:41:10Z,,2020-02-13 00:41:12.190315 UTC
Yellow-13,eb08893...619,,pending_2020-02-13T00:47:10Z,,2020-02-13 00:47:11.422661 UTC
Blue-07,c5859c4...7c8,,pending_2020-02-13T00:49:10Z,,2020-02-13 00:49:12.192550 UTC
Blue-13,e64e643...183,,pending_2020-02-13T00:53:10Z,,2020-02-13 00:53:12.299352 UTC
Yellow-02,88fcef1...1c1,,pending_2020-02-13T00:55:10Z,,2020-02-13 00:55:11.737623 UTC
Blue-16,35be2b2...21f,,pending_2020-02-13T00:57:11Z,,2020-02-13 00:57:12.779466 UTC
Blue-13,36ab7ec...f57,,pending_2020-02-13T01:03:10Z,,2020-02-13 01:03:12.012160 UTC
Red-04,7f764e3...27d,,pending_2020-02-13T01:07:12Z,,2020-02-13 01:07:13.304243 UTC
Red-04,67c2fd1...3b4,,pending_2020-02-13T01:09:10Z,,2020-02-13 01:09:12.075030 UTC
Red-04,e6edf51...46e,,pending_2020-02-13T01:11:11Z,,2020-02-13 01:11:12.290701 UTC
Red-04,4c20ab3...56b,,pending_2020-02-13T01:13:22Z,,2020-02-13 01:13:24.435821 UTC
Red-04,a0ae873...bc5,,pending_2020-02-13T01:15:10Z,,2020-02-13 01:15:11.956135 UTC
Yellow-02,e56a2a3...a12,,pending_2020-02-13T01:17:10Z,,2020-02-13 01:17:12.159843 UTC
Yellow-02,d9fac7d...a7f,,pending_2020-02-13T01:31:10Z,,2020-02-13 01:31:12.235512 UTC
Blue-07,8f7d52d...181,,pending_2020-02-13T01:33:10Z,,2020-02-13 01:33:12.201740 UTC
Blue-13,5354816...ddc,,pending_2020-02-13T01:37:10Z,,2020-02-13 01:37:11.483583 UTC
Yellow-02,fe5a915...c44,,pending_2020-02-13T01:53:10Z,,2020-02-13 01:53:11.967309 UTC
Yellow-02,e555b68...db4,,pending_2020-02-13T01:59:11Z,,2020-02-13 01:59:12.600612 UTC
Yellow-07,32613fb...5e3,,pending_2020-02-13T02:25:10Z,,2020-02-13 02:25:11.732852 UTC
Blue-17,22d39f5...483,,pending_2020-02-13T02:49:12Z,,2020-02-13 02:49:13.873519 UTC
Blue-17,99cc274...1c3,,pending_2020-02-13T02:51:09Z,,2020-02-13 02:51:10.583596 UTC
Blue-13,2d187f1...547,,pending_2020-02-13T03:13:11Z,,2020-02-13 03:13:12.717832 UTC
Blue-17,f57b7a5...398,,pending_2020-02-13T03:37:11Z,,2020-02-13 03:37:12.396085 UTC
Blue-17,81b2adf...5e0,,pending_2020-02-13T03:39:08Z,,2020-02-13 03:39:10.240972 UTC
Blue-17,a04902a...21f,,pending_2020-02-13T03:41:11Z,,2020-02-13 03:41:12.944265 UTC
Yellow-12,7401432...fb4,,pending_2020-02-13T03:57:12Z,,2020-02-13 03:57:13.786142 UTC
Blue-06,0058c36...bec,,pending_2020-02-13T04:13:11Z,,2020-02-13 04:13:12.926589 UTC
Blue-06,109aea8...2d4,,pending_2020-02-13T04:35:10Z,,2020-02-13 04:35:11.628360 UTC
Blue-06,6454288...6fe,,pending_2020-02-13T05:13:11Z,,2020-02-13 05:13:13.049240 UTC
Yellow-07,2d56346...080,,pending_2020-02-13T05:29:11Z,,2020-02-13 05:29:13.256211 UTC
Yellow-07,1b91e8e...dac,,pending_2020-02-13T06:05:12Z,,2020-02-13 06:05:13.315836 UTC
Blue-07,fa49f69...bab,,pending_2020-02-13T06:23:11Z,,2020-02-13 06:23:12.406157 UTC
Red-14,e76755e...d6c,,pending_2020-02-13T06:49:08Z,,2020-02-13 06:49:09.464792 UTC
Red-14,4090f09...1ef,,pending_2020-02-13T06:51:21Z,,2020-02-13 06:51:24.168488 UTC
Yellow-01,36f3de5...fae,,pending_2020-02-13T07:33:11Z,,2020-02-13 07:33:13.351907 UTC
Yellow-01,02e2668...481,,pending_2020-02-13T07:35:10Z,,2020-02-13 07:35:12.046189 UTC
Yellow-01,21beaa8...dca,,pending_2020-02-13T07:37:09Z,,2020-02-13 07:37:10.950725 UTC
Blue-07,917b84e...0d7,,pending_2020-02-13T07:39:08Z,,2020-02-13 07:39:10.290699 UTC
Yellow-01,d9dbf78...e23,,pending_2020-02-13T07:41:02Z,,2020-02-13 07:41:04.276961 UTC
Red-14,066d36a...fd6,,pending_2020-02-13T07:41:37Z,,2020-02-13 07:41:39.673731 UTC
Yellow-01,d9dbf78...e23,,pending_2020-02-13T07:43:04Z,,2020-02-13 07:43:07.595663 UTC
Red-14,066d36a...fd6,,pending_2020-02-13T07:43:41Z,,2020-02-13 07:43:43.927535 UTC
Yellow-10,eb78d29...abc,,pending_2020-02-13T07:45:21Z,,2020-02-13 07:45:23.378930 UTC
Yellow-10,a5e44f1...aaa,,pending_2020-02-13T07:46:50Z,,2020-02-13 07:46:51.763944 UTC
Red-14,df01f3e...869,,pending_2020-02-13T07:49:07Z,,2020-02-13 07:49:08.509749 UTC
Yellow-10,090d8bf...603,,pending_2020-02-13T07:50:13Z,,2020-02-13 07:50:16.414090 UTC
Red-14,39baa25...c08,,pending_2020-02-13T07:55:10Z,,2020-02-13 07:55:12.065937 UTC
Blue-13,7f0e5f0...a2e,,pending_2020-02-13T07:56:13Z,,2020-02-13 07:56:15.886968 UTC
Blue-07,56cc650...9f6,,pending_2020-02-13T08:05:11Z,,2020-02-13 08:05:13.048734 UTC
Blue-07,b14bf12...590,,pending_2020-02-17T05:10:24Z,,2020-02-17 05:10:26.038112 UTC
Blue-07,c8edc40...839,,pending_2020-02-17T05:10:38Z,,2020-02-17 05:10:40.616527 UTC
Blue-07,c8edc40...839,,pending_2020-02-17T05:12:16Z,,2020-02-17 05:12:17.570613 UTC
Blue-07,7d5ec3b...3c9,,pending_2020-02-17T05:13:04Z,,2020-02-17 05:13:05.788703 UTC
Blue-07,7d5ec3b...3c9,,pending_2020-02-17T05:14:27Z,,2020-02-17 05:14:28.509624 UTC
Blue-13,cb26e55...c25,,pending_2020-02-17T05:15:44Z,,2020-02-17 05:15:45.939382 UTC
Blue-07,689ad20...52b,,pending_2020-02-17T05:15:47Z,,2020-02-17 05:15:48.382336 UTC
Blue-13,ee6493b...96d,,pending_2020-02-17T05:18:11Z,,2020-02-17 05:18:12.540452 UTC
Blue-07,e0364b1...9b7,,pending_2020-02-17T05:18:11Z,,2020-02-17 05:18:12.673260 UTC
Blue-07,5765d35...0f9,,pending_2020-02-17T05:20:16Z,,2020-02-17 05:20:18.152966 UTC
Red-14,e82c7cb...743,,pending_2020-02-17T05:20:17Z,,2020-02-17 05:20:19.256739 UTC
Blue-07,32ba131...55d,,pending_2020-02-17T05:21:32Z,,2020-02-17 05:21:34.580506 UTC
Red-14,53becc2...df8,,pending_2020-02-17T05:22:24Z,,2020-02-17 05:22:26.808737 UTC
Blue-07,cb80156...143,,pending_2020-02-17T05:22:32Z,,2020-02-17 05:22:33.707440 UTC
Red-12,2b5d583...686,,err:compilation_or_runtime_error,,2020-02-05 17:49:59.369234 UTC
Blue-04,564f656...29d,,err:compilation_or_runtime_error,,2020-02-04 19:11:57.708124 UTC
Blue-07,fa49f69...bab,,err:compilation_or_runtime_error,,2020-02-13 06:23:48.076835 UTC
Blue-07,c5859c4...7c8,,err:compilation_or_runtime_error,,2020-02-13 00:49:54.653240 UTC
Red-08,cf1740f...65d,,err:compilation_or_runtime_error,,2020-02-08 08:59:58.887619 UTC
Blue-07,917b84e...0d7,,err:compilation_or_runtime_error,,2020-02-13 07:39:53.340821 UTC
Blue-02,0bfa1e8...360,,err:compilation_or_runtime_error,,2020-02-05 22:52:00.665674 UTC
Blue-14,6d81347...5a5,,err:compilation_or_runtime_error,,2020-02-11 02:30:00.119883 UTC
Red-11,c5210e2...d3a,,err:compilation_or_runtime_error,,2020-02-05 00:09:59.275399 UTC
Blue-07,56cc650...9f6,,err:compilation_or_runtime_error,,2020-02-13 08:05:50.999824 UTC
Yellow-07,cc48205...c24,,err:compilation_or_runtime_error,,2020-02-07 09:19:58.184044 UTC
Red-01,68add23...94f,,err:compilation_or_runtime_error,,2020-02-05 05:50:03.763735 UTC
Yellow-09,a0cda37...75b,,err:compilation_or_runtime_error,,2020-02-06 18:49:56.689659 UTC
Yellow-12,f086111...a56,,err:compilation_or_runtime_error,,2020-02-07 22:39:59.934113 UTC
Blue-03,6db5358...d0f,,err:compilation_or_runtime_error,,2020-02-04 15:59:56.271270 UTC
Red-05,bbc21b1...ef6,,err:compilation_or_runtime_error,,2020-02-05 22:30:29.384860 UTC
Blue-17,1d733d9...1e3,,err:compilation_or_runtime_error,,2020-02-05 06:09:57.561730 UTC
Yellow-04,bd4e032...a06,,err:compilation_or_runtime_error,,2020-02-05 20:01:58.026276 UTC
Blue-00,3a1ef2d...03b,,err:compilation_or_runtime_error,,2020-02-05 19:59:59.278710 UTC
Red-13,7d8e73e...8b6,,err:compilation_or_runtime_error,,2020-02-07 00:49:59.860806 UTC
Red-04,38228d0...717,,err:compilation_or_runtime_error,,2020-02-07 05:10:00.482994 UTC
Yellow-01,771ccb2...95f,,err:compilation_or_runtime_error,,2020-02-06 19:30:00.016364 UTC
Yellow-02,a008233...5d7,,err:compilation_or_runtime_error,,2020-02-12 06:39:09.871149 UTC
Red-07,7b87de8...19c,,err:compilation_or_runtime_error,,2020-02-04 21:20:00.971689 UTC
Blue-01,a9ad589...a1a,,err:compilation_or_runtime_error,,2020-02-05 23:49:59.804434 UTC
Blue-08,6cbb354...77d,,err:compilation_or_runtime_error,,2020-02-04 16:29:56.100121 UTC
Yellow-06,282fa79...8b7,,err:compilation_or_runtime_error,,2020-02-05 03:40:10.232 UTC
Red-14,15550ec...37f,,err:compilation_or_runtime_error,,2020-02-11 07:10:46.799197 UTC
Blue-11,3739a66...b19,,err:compilation_or_runtime_error,,2020-02-04 19:51:57.126964 UTC
Yellow-10,970c39d...574,,err:compilation_or_runtime_error,,2020-02-10 23:40:00.534612 UTC
Blue-15,28cbf2c...3b8,,err:compilation_or_runtime_error,,2020-02-11 07:40:00.538987 UTC
Red-10,8a997b8...167,,err:compilation_or_runtime_error,,2020-02-06 04:10:03.820981 UTC
Yellow-03,64d5a09...ec5,,err:compilation_or_runtime_error,,2020-02-12 06:37:47.266071 UTC
Yellow-02,88fcef1...1c1,,err:compilation_or_runtime_error,,2020-02-13 00:55:52.277524 UTC
Blue-13,4db3234...8c1,,err:compilation_or_runtime_error,,2020-02-06 00:30:29.399442 UTC
Yellow-00,04311e5...5cf,,err:compilation_or_runtime_error,,2020-02-04 15:40:03.453246 UTC
Blue-12,7983381...c28,,err:compilation_or_runtime_error,,2020-02-04 20:29:59.367502 UTC
Yellow-04,22e4c47...5c6,,err:compilation_or_runtime_error,,2020-02-09 11:25:56.024311 UTC
Red-03,0e40ff7...17c,,err:compilation_or_runtime_error,,2020-02-10 10:29:58.881360 UTC
Red-09,b3c80e4...2c7,,err:compilation_or_runtime_error,,2020-02-10 10:10:06.006173 UTC
Red-06,471b6a6...5e5,,err:compilation_or_runtime_error,,2020-02-05 22:49:58.974617 UTC
Yellow-08,e81d99b...3de,,err:compilation_or_runtime_error,,2020-02-05 01:40:01.811578 UTC
Blue-06,364308b...c59,,err:compilation_or_runtime_error,,2020-02-07 02:19:59.520071 UTC
Blue-07,4fff81e...7df,,err:compilation_or_runtime_error,,2020-02-06 04:59:51.481955 UTC
Yellow-05,af005c6...d48,,err:compilation_or_runtime_error,,2020-02-08 22:09:55.703116 UTC
Blue-10,fc6d8e0...4e5,,err:compilation_or_runtime_error,,2020-02-05 06:30:04.210396 UTC
Blue-07,b47f8d9...4a6,,err:compilation_or_runtime_error,,2020-02-13 00:29:55.614258 UTC
Yellow-13,307c5e8...6d6,,err:compilation_or_runtime_error,,2020-02-04 19:09:57.835623 UTC
Red-02,820652f...93f,,err:compilation_or_runtime_error,,2020-02-05 00:50:03.740865 UTC
Blue-09,a184fa6...469,,err:compilation_or_runtime_error,,2020-02-06 06:30:04.965551 UTC
Blue-16,014570a...ba3,,err:compilation_or_runtime_error,,2020-02-10 22:49:56.354775 UTC
Blue-05,3d34bdf...eba,,err:compilation_or_runtime_error,,2020-02-05 19:50:31.059966 UTC
Yellow-11,7f18a6b...bb1,,err:compilation_or_runtime_error,,2020-02-04 19:49:57.389795 UTC
Blue-07,c8edc40...839,,err:compilation_or_runtime_error,,2020-02-17 05:11:53.617260 UTC
Blue-07,c8edc40...839,,err:compilation_or_runtime_error,,2020-02-17 05:12:59.248253 UTC
Blue-07,5765d35...0f9,,err:compilation_or_runtime_error,,2020-02-17 05:21:28.211415 UTC
Blue-07,32ba131...55d,,err:compilation_or_runtime_error,,2020-02-17 05:22:29.267518 UTC
Blue-07,cb80156...143,,err:compilation_or_runtime_error,,2020-02-17 05:24:14.806369 UTC
